bin,bank,type,length,name
103,ABC,DC,19,中国农业银行
18572,KMRCU,DC,18,昆明农村信用联合社
303,CEB,DC,16,中国光大银行
356390,CITIC,CC,16,中信银行
356391,CITIC,CC,16,中信银行
356392,CITIC,CC,16,中信银行
356827,SHBANK,CC,16,上海银行
356828,SHBANK,CC,16,上海银行
356829,SHBANK,CC,16,上海银行
356830,SHBANK,CC,16,上海银行
356837,CEB,CC,16,中国光大银行
356838,CEB,CC,16,中国光大银行
356839,CEB,CC,16,中国光大银行
356840,CEB,CC,16,中国光大银行
356841,CEB,CC,16,中国光大银行
356850,SPDB,CC,16,上海浦东发展银行
356851,SPDB,CC,16,上海浦东发展银行
356852,SPDB,CC,16,上海浦东发展银行
356856,CMBC,CC,16,中国民生银行
356857,CMBC,CC,16,中国民生银行
356858,CMBC,CC,16,中国民生银行
356859,CMBC,CC,16,中国民生银行
356868,SPABANK,CC,16,平安银行
356869,SPABANK,CC,16,平安银行
356889,CMB,CC,16,招商银行
370247,ICBC,CC,15,中国工商银行
376966,CITIC,CC,15,中信银行
376968,CITIC,CC,15,中信银行
376969,CITIC,CC,15,中信银行
400360,CITIC,CC,16,中信银行
402673,SHBANK,CC,16,上海银行
402674,SHBANK,CC,16,上海银行
403361,ABC,CC,16,中国农业银行
403391,CITIC,CC,16,中信银行
403392,CITIC,CC,16,中信银行
403393,CITIC,CC,16,中信银行
404117,ABC,CC,16,中国农业银行
404118,ABC,CC,16,中国农业银行
404119,ABC,CC,16,中国农业银行
404120,ABC,CC,16,中国农业银行
404121,ABC,CC,16,中国农业银行
404157,CITIC,CC,16,中信银行
404158,CITIC,CC,16,中信银行
404159,CITIC,CC,16,中信银行
404171,CITIC,CC,16,中信银行
404172,CITIC,CC,16,中信银行
404173,CITIC,CC,16,中信银行
404174,CITIC,CC,16,中信银行
404738,SPDB,CC,16,上海浦东发展银行
404739,SPDB,CC,16,上海浦东发展银行
405512,COMM,DC,17,交通银行
406252,CEB,CC,16,中国光大银行
406254,CEB,CC,16,中国光大银行
406365,GDB,CC,16,广东发展银行
406366,GDB,CC,16,广东发展银行
407405,CMBC,CC,16,中国民生银行
409666,BOC,CC,16,中国银行
410062,CMB,DC,16,招商银行
412962,SPABANK,DC,16,平安银行
412963,SPABANK,DC,16,平安银行
415599,CMBC,DC,16,中国民生银行
415752,SPABANK,DC,16,平安银行
415753,SPABANK,DC,16,平安银行
421317,BJBANK,DC,16,北京银行
421349,CCB,DC,16,中国建设银行
421393,CMBC,DC,16,中国民生银行
421865,CMBC,DC,16,中国民生银行
421869,CMBC,CC,16,中国民生银行
421870,CMBC,CC,16,中国民生银行
421871,CMBC,CC,16,中国民生银行
422160,BJBANK,DC,16,北京银行
422161,BJBANK,DC,16,北京银行
425862,CEB,CC,16,中国光大银行
427020,ICBC,CC,16,中国工商银行
427030,ICBC,CC,16,中国工商银行
427570,CMBC,DC,16,中国民生银行
427571,CMBC,DC,16,中国民生银行
428911,GDB,CC,16,广东发展银行
433666,CITIC,CC,16,中信银行
433667,CITIC,CC,16,中信银行
433668,CITIC,CC,16,中信银行
433669,CITIC,CC,16,中信银行
433670,CITIC,DC,16,中信银行
433671,CITIC,DC,16,中信银行
433680,CITIC,DC,16,中信银行
434061,CCB,DC,16,中国建设银行
434062,CCB,DC,16,中国建设银行
435744,SPABANK,CC,16,平安银行
435745,SPABANK,CC,16,平安银行
436742,CCB,DC,19,中国建设银行
436745,CCB,CC,16,中国建设银行
436748,CCB,CC,16,中国建设银行
436768,GDB,CC,16,广东发展银行
436769,GDB,CC,16,广东发展银行
436770,GDB,CC,16,广东发展银行
436771,GDB,CC,16,广东发展银行
438088,BOC,CC,16,中国银行
438588,CIB,DC,18,兴业银行
438589,CIB,DC,18,兴业银行
438600,SHBANK,DC,16,上海银行
439188,CMB,CC,16,招商银行
439225,CMB,CC,16,招商银行
439226,CMB,CC,16,招商银行
439227,CMB,CC,16,招商银行
442729,CITIC,DC,16,中信银行
442730,CITIC,DC,16,中信银行
451289,CIB,CC,16,兴业银行
451290,CIB,CC,16,兴业银行
451810,ICBC,CC,16,中国工商银行
451811,ICBC,CC,16,中国工商银行
453242,CCB,DC,16,中国建设银行
456351,BOC,DC,19,中国银行
456418,SPDB,CC,16,上海浦东发展银行
45806,ICBC,CC,16,中国工商银行
458123,COMM,CC,16,交通银行
458124,COMM,CC,16,交通银行
461982,CIB,CC,16,兴业银行
463758,ABC,CC,16,中国农业银行
464580,CMBC,CC,16,中国民生银行
464581,CMBC,CC,16,中国民生银行
468203,CMB,DC,16,招商银行
472067,CMBC,DC,16,中国民生银行
472068,CMBC,DC,16,中国民生银行
481699,CEB,CC,16,中国光大银行
483536,SPABANK,CC,16,平安银行
486466,SHBANK,CC,16,上海银行
486493,CIB,CC,16,兴业银行
486494,CIB,CC,16,兴业银行
486495,SCBHK,CC,16,渣打银行(香港)
486497,CEB,CC,16,中国光大银行
486861,CIB,CC,16,兴业银行
487013,GDB,CC,16,广东发展银行
489592,CCB,CC,16,中国建设银行
49102,ABC,SCC,16,中国农业银行
491031,CCB,DC,16,中国建设银行
491032,GDB,CC,16,广东发展银行
491033,GDB,CC,16,广东发展银行
491034,GDB,CC,16,广东发展银行
491035,GDB,CC,16,广东发展银行
491036,GDB,CC,16,广东发展银行
491037,GDB,CC,16,广东发展银行
491038,GDB,CC,16,广东发展银行
493427,GDB,CC,16,广东发展银行
498451,SPDB,CC,16,上海浦东发展银行
504923,JSBANK,DC,16,江苏银行
512425,CMB,DC,16,招商银行
512431,NBBANK,CC,16,宁波银行
512466,CMBC,CC,16,中国民生银行
514027,ABC,CC,16,中国农业银行
514906,CITIC,CC,16,中信银行
515672,SPDB,CC,16,上海浦东发展银行
517636,CMBC,CC,16,中国民生银行
517650,SPDB,CC,16,上海浦东发展银行
518212,CITIC,CC,16,中信银行
518364,GDB,CC,16,广东发展银行
518476,BOC,CC,16,中国银行
518710,CMB,CC,16,招商银行
518718,CMB,CC,16,招商银行
519412,ABC,CC,16,中国农业银行
519413,ABC,CC,16,中国农业银行
519498,SHBANK,CC,16,上海银行
520082,ABC,CC,16,中国农业银行
520083,ABC,CC,16,中国农业银行
520108,CITIC,CC,16,中信银行
520131,SHBANK,CC,16,上海银行
520152,GDB,CC,16,广东发展银行
520169,COMM,CC,16,交通银行
520194,NBBANK,CC,16,宁波银行
520382,GDB,CC,16,广东发展银行
522001,BJBANK,CC,16,北京银行
523036,CIB,CC,16,兴业银行
523952,CMBC,CC,16,中国民生银行
523959,HXBANK,CC,16,华夏银行
524011,CMB,DC,16,招商银行
524031,SHBANK,CC,16,上海银行
524047,ICBC,CC,16,中国工商银行
524070,CIB,CC,16,兴业银行
524090,CEB,CC,16,中国光大银行
524091,ICBC,CC,16,中国工商银行
524094,CCB,DC,16,中国建设银行
525746,BOC,CC,16,中国银行
525998,SPDB,CC,16,上海浦东发展银行
526410,CCB,DC,16,中国建设银行
526855,SPABANK,CC,16,平安银行
527414,CIB,CC,16,兴业银行
528020,SPABANK,CC,16,平安银行
528057,CIB,CC,16,兴业银行
528708,HXBANK,CC,16,华夏银行
528709,HXBANK,CC,16,华夏银行
528856,ICBC,CC,16,中国工商银行
528931,GDB,CC,16,广东发展银行
528948,CMBC,CC,16,中国民生银行
530970,ICBC,CC,16,中国工商银行
530984,ICBC,CC,16,中国工商银行
530985,ICBC,CC,16,中国工商银行
530986,ICBC,CC,16,中国工商银行
530987,ICBC,CC,16,中国工商银行
530988,ICBC,CC,16,中国工商银行
530989,ICBC,CC,16,中国工商银行
530990,ICBC,CC,16,中国工商银行
531659,SPABANK,CC,16,平安银行
531693,CCB,CC,16,中国建设银行
532421,CCB,DC,16,中国建设银行
532422,CCB,DC,16,中国建设银行
532423,CCB,DC,16,中国建设银行
532424,CCB,DC,16,中国建设银行
532425,CCB,DC,16,中国建设银行
532426,CCB,DC,16,中国建设银行
532427,CCB,DC,16,中国建设银行
532428,CCB,DC,16,中国建设银行
532429,CCB,DC,16,中国建设银行
532458,CCB,CC,16,中国建设银行
53591,ABC,SCC,16,中国农业银行
539867,HXBANK,CC,16,华夏银行
539868,HXBANK,CC,16,华夏银行
541709,GDB,CC,16,广东发展银行
541710,GDB,CC,16,广东发展银行
543159,CEB,CC,16,中国光大银行
545217,CMBC,CC,16,中国民生银行
545392,CMBC,CC,16,中国民生银行
545393,CMBC,CC,16,中国民生银行
545431,CMBC,CC,16,中国民生银行
545447,CMBC,CC,16,中国民生银行
548478,ABC,CC,16,中国农业银行
548738,CIB,CC,16,兴业银行
548838,SHBANK,CC,16,上海银行
548844,GDB,CC,16,广东发展银行
549633,CIB,CC,16,兴业银行
550213,ICBC,CC,16,中国工商银行
552245,CCB,DC,16,中国建设银行
552288,CMBC,CC,16,中国民生银行
552398,CIB,CC,16,兴业银行
552599,ABC,CC,16,中国农业银行
552794,GDB,CC,16,广东发展银行
553161,CMBC,CC,16,中国民生银行
556610,CMBC,CC,16,中国民生银行
556617,CITIC,CC,16,中信银行
558730,ABC,CC,16,中国农业银行
558894,GDB,CC,16,广东发展银行
558916,CITIC,CC,16,中信银行
566666,SJBANK,DC,16,盛京银行
601382,BOC,DC,19,中国银行
601427,ABC,DC,19,中国农业银行
601428,COMM,DC,17,交通银行
602907,SPABANK,DC,16,平安银行
602969,BJBANK,DC,16,北京银行
603265,JSBANK,DC,16,江苏银行
60326500,WXCCB,DC,16,无锡市商业银行
603367,HZCB,DC,18,杭州银行
603445,GCB,DC,19,广州银行
603506,JSBANK,DC,19,江苏银行
603601,HSBANK,DC,17,徽商银行
603602,SXCB,DC,18,绍兴银行
603694,CSRCB,DC,19,常熟农村商业银行
609120,TCCB,DC,18,天津银行
620010,SPABANK,PC,16,平安银行
620013,COMM,DC,16,交通银行
620019,BOC,PC,16,中国银行
620021,COMM,PC,19,交通银行
620040,BOC,PC,19,中国银行
620043,FJHXBC,DC,18,福建海峡银行
620048,BOC,DC,16,中国银行
620058,ICBC,DC,19,中国工商银行
620059,ABC,DC,19,中国农业银行
620060,CCB,DC,19,中国建设银行
620061,BOC,DC,19,中国银行
620062,PSBC,DC,19,中国邮政储蓄银行
620070,CYS,DC,16,中国银盛
620082,CITIC,DC,16,中信银行
620085,CEB,DC,16,中国光大银行
620088,BJRCB,DC,19,北京农村商业银行
620500,NBYZ,DC,16,鄞州银行
620501,ABC,DC,19,中国农业银行
620515,CEP,PC,16,中银通商务支付有限公司
620517,MTBANK,DC,19,浙江民泰商业银行
620518,CEB,DC,16,中国光大银行
620519,CSCB,DC,19,长沙银行
620522,SHBANK,DC,18,上海银行
620527,CITIC,DC,19,中信银行
620528,XTB,DC,19,邢台银行
620530,SPDB,DC,19,上海浦东发展银行
621004,DYCCB,DC,18,东营市商业银行
621005,SHBANK,DC,18,上海银行
621008,XJRCU,DC,16,新疆农村信用社
621010,PLCCB,DC,16,平凉市商业银行
621013,HURCB,DC,16,湖北省农村信用社
621014,SRBANK,DC,16,上饶银行
621015,DBSCN,DC,19,星展银行
621016,DBS,DC,19,星展银行
621017,YNRCC,DC,19,云南省农村信用社
621018,GDRCC,DC,19,广东省农村信用社联合社
621019,CZBANK,DC,19,浙商银行
621021,HBRCU,DC,19,河北省农村信用社
621024,NBYZ,DC,16,鄞州银行
621026,LNRCC,DC,19,辽宁省农村信用社
621028,CZCB,DC,16,浙江稠州商业银行
621029,KLB,DC,19,昆仑银行
621030,BJBANK,DC,16,北京银行
621033,SCRCU,DC,19,四川省农村信用社
621034,SHBANK,DC,16,上海银行
621035,ZYB,DC,19,中原银行
621036,BOHN,DC,19,海南省农村信用社
621037,DAQINGB,DC,19,龙江银行
621038,TLBANK,DC,19,铁岭银行
621041,BOC,DC,19,中国银行
621042,NCB,DC,19,南昌银行
621043,CYBC,DC,19,集友银行
621044,CAB,DC,19,宝鸡商行
621050,SHBANK,DC,18,上海银行
621053,FJNX,DC,19,福建省农村信用社联合社
621056801,COMM,DC,19,交通银行
621056802,COMM,DC,19,交通银行
621056803,COMM,DC,19,交通银行
621056805,COMM,DC,19,交通银行
621057,LSZRCB,DC,19,凉山州商业银行
621058,ZJNX,DC,19,浙江省农村信用社联合社
621059,JRCB,DC,16,江苏江阴农村商业银行
62105900,XHRCB,DC,16,新会农商银行
62105901,SLRCB,DC,16,双流诚民村镇银行
621060,WOORI,DC,19,友利银行(中国)
621061,GSRCU,DC,19,甘肃省农村信用
621062,CITI,DC,16,花旗银行(中国)
621063,CITI,DC,16,花旗银行(中国)
621064,AEON,DC,16,AEON银行
621065,QHRC,DC,16,青海农村信用社
621066,BJRCB,DC,19,北京农村商业银行
621067,BJRCB,DC,19,北京农村商业银行
621068,BJRCB,DC,19,北京农村商业银行
621069,COMM,DC,19,交通银行
621070,ZGCCB,DC,19,自贡市商业银行
621071,BOP,DC,19,平顶山银行
621072,BOSH,DC,19,新韩银行(中国)
621073,TJBHB,DC,19,天津滨海农村商业银行
621074,BOCY,DC,19,朝阳银行
621075,ZYB,DC,19,中原银行
621076,JSBANK,DC,19,江苏银行
621077,OCBC,DC,16,华侨银行（中国）
621080,CCB,DC,16,中国建设银行
621081,CCB,DC,19,中国建设银行
621082,CCB,DC,16,中国建设银行
621083,CCB,DC,16,中国建设银行
621084,CCB,DC,16,中国建设银行
621086,LSCCB,DC,19,乐山市商业银行
621087,CHB,DC,19,创兴银行有限公司
621088,MTBANK,DC,19,浙江民泰商业银行
621089,PZBANK,DC,19,盘锦市商业银行
621090,SNCCB,DC,19,遂宁市商业银行
621091,BDCBANK,DC,19,保定银行
621092001,URB,DC,19,联合村镇银行
621092002,URB,DC,19,联合村镇银行
621092003,URB,DC,19,联合村镇银行
621092004,URB,DC,19,联合村镇银行
621092005,URB,DC,19,联合村镇银行
621092006,URB,DC,19,联合村镇银行
621092007,URB,DC,19,联合村镇银行
621092008,URB,DC,19,联合村镇银行
621092009,URB,DC,19,联合村镇银行
621092010,URB,DC,19,联合村镇银行
621092011,URB,DC,19,联合村镇银行
621092012,URB,DC,19,联合村镇银行
62109202,URB,DC,19,联合村镇银行
62109203,URB,DC,19,联合村镇银行
62109205,URB,DC,19,联合村镇银行
62109206,URB,DC,19,联合村镇银行
62109207,URB,DC,19,联合村镇银行
62109208,URB,DC,19,联合村镇银行
62109209,URB,DC,19,联合村镇银行
62109210,URB,DC,19,联合村镇银行
62109211,URB,DC,19,联合村镇银行
62109212,URB,DC,19,联合村镇银行
62109213,URB,DC,19,联合村镇银行
62109214,URB,DC,19,联合村镇银行
62109215,URB,DC,19,联合村镇银行
621095,PSBC,DC,19,中国邮政储蓄银行
621096,PSBC,DC,19,中国邮政储蓄银行
621097,DAQINGB,DC,19,龙江银行
621098,PSBC,DC,19,中国邮政储蓄银行
621099,SCRCU,DC,19,四川省农村信用社
621200,JNBANK,DC,19,济宁银行
621201,HANABANK,DC,16,韩亚银行
621205,ICBC,DC,18,中国工商银行
621206,ICBC,DC,18,中国工商银行
621207,ICBC,DC,18,中国工商银行
621208,ICBC,DC,18,中国工商银行
621209,ICBC,DC,18,中国工商银行
621210,ICBC,DC,18,中国工商银行
621211,ICBC,DC,18,中国工商银行
621213,NCBANK,DC,19,宁波通商银行
621216,JSB,DC,19,晋商银行
621217,HBC,DC,18,湖北银行
621221,ZYB,DC,19,中原银行
621222,HXBANK,DC,16,华夏银行
621223,JZBANK,DC,19,晋中市商业银行
621225,ICBC,DC,19,中国工商银行
621226,ICBC,DC,19,中国工商银行
621227,ICBC,DC,19,中国工商银行
621228,HLJRCU,DC,19,黑龙江省农村信用社
621229,ICBC,DC,19,中国工商银行
621230,ICBC,DC,19,中国工商银行
621232,BNU,DC,19,大西洋银行
621233,DZCBANK,DC,19,达州银行
621234,CSC,DC,16,CSC借记卡
621235,ZYB,DC,18,中原银行
621237,QHDBANK,DC,19,秦皇岛银行
621238,XTB,DC,19,邢台银行
621239,HSBK,DC,19,衡水银行
621240,ICBC,DC,19,中国工商银行
621241,BOSZ,DC,19,苏州银行
621241001,BOSZ,DC,19,苏州银行
621241002,BOSZ,DC,19,苏州银行
621241003,BOSZ,DC,19,苏州银行
621241004,BOSZ,DC,19,苏州银行
621242,LZYH,DC,19,兰州银行
621244,SJBANK,DC,16,盛京银行
621246,NCB,DC,19,南昌银行
621247,BNU,DC,19,大西洋银行
621250001,HSBC,DC,16,汇丰银行(中国)
621251,FJNX,DC,19,福建省农村信用社联合社
621252,QDCCB,DC,16,青岛银行
621253,BCDMMA,DC,19,澳门商业银行
621254,BCDMMA,DC,19,澳门商业银行
621255,BCDMMA,DC,19,澳门商业银行
621256,BOC,DC,19,中国银行
621258,CRCBANK,DC,16,重庆农村商业银行
621259,NJCB,DC,16,南京银行
621260,SPABANK,CC,16,平安银行
621260,CSRCB,DC,19,常熟农村商业银行
621260001,XFRCB,DC,19,咸丰常农商村镇银行
621260002,ESRCB,DC,19,恩施农村商业银行
621260102,CSRCB,DC,19,常熟农村商业银行
621260103,CSRCB,DC,19,常熟农村商业银行
621260104,CSRCB,DC,19,常熟农村商业银行
621260105,CSRCB,DC,19,常熟农村商业银行
621260106,CSRCB,DC,19,常熟农村商业银行
621260107,CSRCB,DC,19,常熟农村商业银行
621260108,CSRCB,DC,19,常熟农村商业银行
621260109,CSRCB,DC,19,常熟农村商业银行
621260110,CSRCB,DC,19,常熟农村商业银行
621260113,CSRCB,DC,19,常熟农村商业银行
621260116,CSRCB,DC,19,常熟农村商业银行
621260117,CSRCB,DC,19,常熟农村商业银行
621260118,CSRCB,DC,19,常熟农村商业银行
621260119,CSRCB,DC,19,常熟农村商业银行
621260120,CSRCB,DC,19,常熟农村商业银行
621260121,CSRCB,DC,19,常熟农村商业银行
621260122,CSRCB,DC,19,常熟农村商业银行
621261,SPABANK,CC,16,平安银行
621262,SPABANK,CC,16,平安银行
621263,KORLABANK,DC,18,库尔勒市商业银行
621265001,JSRCU,DC,19,江苏省农村信用联合社
621266,BOCZ,DC,19,沧州银行
621267,FJHXBC,DC,18,福建海峡银行
621268,BOHAIB,DC,16,渤海银行
621269,NCB,DC,16,南昌银行
621270,HBC,DC,18,湖北银行
621271,ZYB,DC,19,中原银行
621272,YQCCB,DC,16,阳泉银行
621273,YBCCB,DC,19,宜宾市商业银行
621275,SPDB,DC,19,上海浦东发展银行
621275101,SPDB,DC,19,上海浦东发展银行
621275111,SPDB,DC,19,上海浦东发展银行
621275121,SPDB,DC,19,上海浦东发展银行
621275131,SPDB,DC,19,上海浦东发展银行
621275141,SPDB,DC,19,上海浦东发展银行
621275151,SPDB,DC,19,上海浦东发展银行
621275161,SPDB,DC,19,上海浦东发展银行
621275171,SPDB,DC,19,上海浦东发展银行
621275181,SPDB,DC,19,上海浦东发展银行
621275191,SPDB,DC,19,上海浦东发展银行
621275201,SPDB,DC,19,上海浦东发展银行
621275211,SPDB,DC,19,上海浦东发展银行
621275221,SPDB,DC,19,上海浦东发展银行
621275231,SPDB,DC,19,上海浦东发展银行
621275241,SPDB,DC,19,上海浦东发展银行
621275251,SPDB,DC,19,上海浦东发展银行
621275261,SPDB,DC,19,上海浦东发展银行
621275271,SPDB,DC,19,上海浦东发展银行
621275281,SPDB,DC,19,上海浦东发展银行
621275291,SPDB,DC,19,上海浦东发展银行
621275301,SPDB,DC,19,上海浦东发展银行
621275311,SPDB,DC,19,上海浦东发展银行
621275321,SPDB,DC,19,上海浦东发展银行
621275341,SPDB,DC,19,上海浦东发展银行
62127817,HDHMCB,DC,18,惠东惠民村镇银行
621278293,GXHMVB,DC,18,长春高新惠民村镇银行
62127839,FMBANK,DC,18,吉林丰满惠民村镇银行
621279,NBBANK,DC,16,宁波银行
621280,SXRCU,DC,19,山西省农村信用社
621281,ICBC,DC,19,中国工商银行
621282,ABC,DC,19,中国农业银行
621283,BOC,DC,19,中国银行
621284,CCB,DC,19,中国建设银行
621285,PSBC,DC,19,中国邮政储蓄银行
621286,CMB,DC,16,招商银行
621287,XJRCU,DC,16,新疆农村信用社
621288,ICBC,DC,19,中国工商银行
621289,NCB,DC,19,南昌银行
621290,NCBANK,DC,19,宁波通商银行
621291,NCB,DC,19,南昌银行
621292,NCB,DC,19,南昌银行
621296,CABANK,DC,19,长安银行
621298,WHB,DC,18,永亨银行
621325,YACCB,DC,19,雅安市商业银行
621326763,XLBANK,DC,18,中山小榄村镇银行
621327,ZYB,DC,19,中原银行
621330,BOC,DC,19,中国银行
621331,BOC,DC,19,中国银行
621332,BOC,DC,19,中国银行
621336,ABC,DC,19,中国农业银行
621337,ZYB,DC,19,中原银行
621338,MTBANK,DC,19,浙江民泰商业银行
621340,LANGFB,DC,16,廊坊银行
621341,LANGFB,DC,16,廊坊银行
621345,NDHB,DC,18,宁波东海银行
621346001,ERB,DC,19,龙岗鼎业村镇银行
621346002,WHBANK,DC,19,乌海银行
621347001,YZBANK,DC,16,银座银行
621347002,YZBANK,DC,16,银座银行
621347003,YZBANK,DC,16,银座银行
621351,SPDB,DC,16,上海浦东发展银行
621352,SPDB,DC,16,上海浦东发展银行
621353,XHCZYH,DC,19,新华村镇银行
621356,BOCFCB,DC,19,中银富登村镇银行
621359,NCB,DC,18,南昌银行
621361,WHRCB,DC,19,武汉农村商业银行
621362,NMGNXS,DC,19,内蒙古农村信用社
621363,CZRCB,DC,19,常州农村信用联社
621366,HRXJB,DC,19,华融湘江银行
621384,QLCZYH,DC,19,齐鲁村镇银行
621388,HRXJB,DC,19,华融湘江银行
621390,SPDB,DC,16,上海浦东发展银行
621392,NYCB,DC,18,南阳村镇银行
621412,LZCCB,DC,18,柳州银行
621413,ZJKCCB,DC,19,张家口市商业银行
621415,FDB,DC,19,富滇银行
621416,SRBANK,DC,16,上饶银行
621417,NXBANK,DC,19,宁夏银行
621418,NBBANK,DC,19,宁波银行
621419,QDCCB,DC,19,青岛银行
621420,BJBANK,DC,16,北京银行
621439,BOD,DC,19,东莞银行
621446,CSCB,DC,19,长沙银行
621448,CABANK,DC,19,长安银行
621449,LNRCC,DC,19,辽宁省农村信用社
621452,TCCB,DC,18,天津银行
621453,BOHAIB,DC,16,渤海银行
621456,GLBANK,DC,17,桂林银行
621457,SCRCU,DC,19,四川省农村信用社
621458,BOHN,DC,19,海南省农村信用社
621459,SCRCU,DC,19,四川省农村信用社
621460,ZYCBANK,DC,19,遵义市商业银行
621461,BOSZ,DC,19,苏州银行
621462,GDB,DC,19,广东发展银行
621463,GCB,DC,19,广州银行
621465,CRCBANK,DC,16,重庆农村商业银行
621466,CCB,DC,16,中国建设银行
621467,CCB,DC,19,中国建设银行
621468,BJBANK,DC,16,北京银行
621469,GHB,DC,19,广东华兴银行
621476,ICBC,DC,19,中国工商银行
621480,ZJTLCB,DC,19,浙江泰隆商业银行
621481,RXCB,DC,19,榆次融信村镇银行
621482,CDCB,DC,19,成都银行
621483,CMB,DC,16,招商银行
621485,CMB,DC,16,招商银行
621486,CMB,DC,16,招商银行
621488,CCB,DC,16,中国建设银行
621489,CEB,DC,16,中国光大银行
621490,CEB,DC,16,中国光大银行
621491,CEB,DC,16,中国光大银行
621492,CEB,DC,16,中国光大银行
621496,LZYH,DC,19,兰州银行
621497,QJCCB,DC,16,曲靖市商业银行
621498,LSCCB,DC,19,乐山市商业银行
621499,CCB,DC,16,中国建设银行
621516,CDRCB,DC,19,成都农商银行
621517,QHRC,DC,16,青海农村信用社
621518,GDRCC,DC,19,广东省农村信用社联合社
621519,HNRCC,DC,19,湖南省农村信用社
621520,GSRCU,DC,19,甘肃省农村信用
621521,SDRCU,DC,16,山东省农村信用社
621522,GRCB,DC,18,广州农商银行
621523,HURCB,DC,16,湖北省农村信用社
621525,XJRCU,DC,16,新疆农村信用社
621526,ARCU,DC,19,安徽省农村信用社
621528,CRCBANK,DC,16,重庆农村商业银行
621529,NXBANK,DC,19,宁夏银行
621530,SCRCU,DC,19,四川省农村信用社
621531,JLRCU,DC,19,吉林农信
621532,CDCB,DC,19,成都银行
621533,NMGNXS,DC,19,内蒙古农村信用社
621536,BOHN,DC,19,海南省农村信用社
621538,LZYH,DC,19,兰州银行
621539,HNRCC,DC,19,湖南省农村信用社
621552,GYCB,DC,19,贵阳市商业银行
621557,HLJRCU,DC,19,黑龙江省农村信用社
621558,ICBC,DC,19,中国工商银行
621559,ICBC,DC,19,中国工商银行
621562,GLBANK,DC,19,桂林银行
621566,SXRCCU,DC,19,陕西信合
621568,BOC,DC,19,中国银行
621569,BOC,DC,19,中国银行
621577,HRBANK,DC,19,哈尔滨银行
621578,JSRCU,DC,19,江苏省农村信用联合社
621579,JSBANK,DC,19,江苏银行
621580,SXRCU,DC,19,山西省农村信用社
621585,HNRCU,DC,18,河南省农村信用
621588,DAQINGB,DC,19,龙江银行
621589,FJNX,DC,19,福建省农村信用社联合社
621590,GZRCU,DC,19,贵州省农村信用社
621591,ZYCBANK,DC,16,遵义市商业银行
621598,CCB,DC,19,中国建设银行
621599,PSBC,DC,19,中国邮政储蓄银行
621600,XMBANK,DC,19,厦门银行
621619,ABC,DC,19,中国农业银行
621620,BOC,DC,19,中国银行
621621,CCB,DC,19,中国建设银行
621625,GHB,DC,19,广东华兴银行
621626,SPABANK,DC,19,平安银行
621627,CZCB,DC,19,浙江稠州商业银行
621628,SDEB,DC,19,顺德农商银行
621633,H3CB,DC,19,内蒙古银行
621660,BOC,DC,19,中国银行
621661,BOC,DC,19,中国银行
621662,BOC,DC,19,中国银行
621663,BOC,DC,19,中国银行
621666,BOC,DC,19,中国银行
621667,BOC,DC,19,中国银行
621668,BOC,DC,19,中国银行
621669,BOC,DC,19,中国银行
621670,ICBC,DC,19,中国工商银行
621671,ABC,DC,19,中国农业银行
621672,BOC,DC,19,中国银行
621673,CCB,DC,19,中国建设银行
621674,PSBC,DC,19,中国邮政储蓄银行
621676,WHRCB,DC,19,武汉农村商业银行
621678,ZJNX,DC,19,浙江省农村信用社联合社
621691,CMBC,DC,16,中国民生银行
621700,CCB,DC,19,中国建设银行
621701,FJNX,DC,19,福建省农村信用社联合社
621720,ICBC,DC,19,中国工商银行
621721,ICBC,DC,19,中国工商银行
621722,ICBC,DC,19,中国工商银行
621723,ICBC,DC,19,中国工商银行
621724,ICBC,DC,19,中国工商银行
621725,BOC,DC,19,中国银行
621726,MTBANK,DC,19,浙江民泰商业银行
621727,NYBANK,DC,19,广东南粤银行
621728,GDRCC,DC,19,广东省农村信用社联合社
621735,GYCB,DC,19,贵阳市商业银行
621736,ZJNX,DC,19,浙江省农村信用社联合社
621737,NMGNXS,DC,19,内蒙古农村信用社
621738,YQCCB,DC,16,阳泉银行
621740,SCB,DC,16,渣打银行
621748,ZYB,DC,19,中原银行
621751,URMQCCB,DC,19,乌鲁木齐市商业银行
621752,HRBANK,DC,19,哈尔滨银行
621753,ZYB,DC,19,中原银行
621754,URMQCCB,DC,19,乌鲁木齐市商业银行
621755,CCQTGB,DC,16,重庆三峡银行
621756,BOC,DC,19,中国银行
621757,BOC,DC,19,中国银行
621758,BOC,DC,19,中国银行
621759,BOC,DC,19,中国银行
621760,BSB,DC,17,包商银行
621766,KLB,DC,19,昆仑银行
621767,CITIC,DC,16,中信银行
621768,CITIC,DC,16,中信银行
621769,CITIC,DC,16,中信银行
621770,CITIC,DC,16,中信银行
621771,CITIC,DC,16,中信银行
621772,CITIC,DC,16,中信银行
621773,CITIC,DC,16,中信银行
621775,HSBANK,DC,19,徽商银行
621777,NJCB,DC,16,南京银行
621778,ARCU,DC,19,安徽省农村信用社
621779,GZRCU,DC,19,贵州省农村信用社
621780,JZBANK,DC,19,晋中市商业银行
621785,BOC,DC,19,中国银行
621786,BOC,DC,19,中国银行
621787,BOC,DC,19,中国银行
621788,BOC,DC,19,中国银行
621789,BOC,DC,19,中国银行
621790,BOC,DC,19,中国银行
621791,SPDB,DC,16,上海浦东发展银行
621792,SPDB,DC,16,上海浦东发展银行
621793,SPDB,DC,16,上海浦东发展银行
621795,SPDB,DC,16,上海浦东发展银行
621796,SPDB,DC,16,上海浦东发展银行
621797,PSBC,DC,19,中国邮政储蓄银行
621798,PSBC,DC,19,中国邮政储蓄银行
621799,PSBC,DC,19,中国邮政储蓄银行
621977,WZCB,DC,16,温州银行
622020,ICBC,DC,18,中国工商银行
622126,FXCB,DC,18,阜新银行
622127,FJNX,DC,19,福建省农村信用社联合社
622128,SRCB,DC,16,深圳农村商业银行
622129,SRCB,DC,16,深圳农村商业银行
622131,JSBANK,DC,19,江苏银行
622132,JXBANK,DC,16,嘉兴银行
622133,GYCB,DC,19,贵阳市商业银行
622134,CQBANK,DC,16,重庆银行
622135,CDCB,DC,19,成都银行
622136,XABANK,DC,18,西安银行
622137,HSBANK,DC,17,徽商银行
622138,BJRCB,DC,19,北京农村商业银行
622139,LZYH,DC,16,兰州银行
622140,LANGFB,DC,16,廊坊银行
622141,ZJTLCB,DC,16,浙江泰隆商业银行
622143,URMQCCB,DC,19,乌鲁木齐市商业银行
622146,QDCCB,DC,16,青岛银行
622147,H3CB,DC,19,内蒙古银行
622148,SHBANK,CC,16,上海银行
622149,SHBANK,CC,16,上海银行
622150,PSBC,DC,19,中国邮政储蓄银行
622151,PSBC,DC,19,中国邮政储蓄银行
622152,CDCB,DC,19,成都银行
622153,CDCB,DC,19,成都银行
622154,CDCB,DC,19,成都银行
622155,SPABANK,CC,16,平安银行
622156,SPABANK,CC,16,平安银行
622157,SPABANK,CC,16,平安银行
622158,ICBC,CC,16,中国工商银行
622159,ICBC,CC,16,中国工商银行
622161,CEB,CC,16,中国光大银行
622162,CEB,CC,16,中国光大银行
622162,JJBANK,DC,19,九江银行
622163,BJBANK,CC,16,北京银行
622165,BSB,DC,16,包商银行
622166,CCB,CC,16,中国建设银行
622167,TSBANK,DC,19,唐山银行
622168,CCB,CC,16,中国建设银行
622169,HNRCC,DC,19,湖南省农村信用社
622172,SHBANK,DC,18,上海银行
622173,JSBANK,DC,19,江苏银行
622176,SPDB,CC,16,上海浦东发展银行
622177,SPDB,CC,16,上海浦东发展银行
622178,JLBANK,CC,16,吉林银行
622179,JLBANK,CC,16,吉林银行
622181,PSBC,DC,19,中国邮政储蓄银行
622182,PSBC,DC,19,中国邮政储蓄银行
622184,FJNX,DC,19,福建省农村信用社联合社
622187,PSBC,DC,19,中国邮政储蓄银行
622188,PSBC,DC,19,中国邮政储蓄银行
622189,PSBC,DC,19,中国邮政储蓄银行
622200,ICBC,DC,19,中国工商银行
622202,ICBC,DC,19,中国工商银行
622203,ICBC,DC,19,中国工商银行
622208,ICBC,DC,19,中国工商银行
622210,ICBC,CC,16,中国工商银行
622211,ICBC,CC,16,中国工商银行
622212,ICBC,CC,16,中国工商银行
622213,ICBC,CC,16,中国工商银行
622214,ICBC,CC,16,中国工商银行
622215,ICBC,CC,16,中国工商银行
622218,CRCBANK,CC,16,重庆农村商业银行
622228,SPDB,CC,16,上海浦东发展银行
62223,ICBC,CC,16,中国工商银行
622240,ICBC,CC,16,中国工商银行
622245,ICBC,CC,16,中国工商银行
622246,ICBC,CC,16,中国工商银行
622251,COMM,CC,16,交通银行
622252,COMM,CC,16,交通银行
622253,COMM,CC,16,交通银行
622254,COMM,SCC,16,交通银行
622255,COMM,SCC,16,交通银行
622256,COMM,SCC,16,交通银行
622257,COMM,SCC,16,交通银行
622258,COMM,DC,17,交通银行
622259,COMM,DC,17,交通银行
622260,COMM,DC,19,交通银行
622261,COMM,DC,19,交通银行
622262,COMM,DC,19,交通银行
622265,HKBEA,CC,16,东亚银行
622266,HKBEA,CC,16,东亚银行
622267,SHBANK,DC,18,上海银行
622268,SHBANK,CC,16,上海银行
622269,SHBANK,CC,16,上海银行
622270,DAQINGB,CC,16,龙江银行
622271,NHB,DC,18,南海农村信用联社
622272,CHB,DC,16,创兴银行有限公司
622275,NCB,DC,16,南昌银行
622276,SPDB,CC,16,上海浦东发展银行
622277,SPDB,CC,16,上海浦东发展银行
622278,SHBANK,DC,18,上海银行
622279,SHBANK,DC,18,上海银行
622280,CCB,DC,19,中国建设银行
622281,NBBANK,DC,16,宁波银行
622282,NBBANK,CC,16,宁波银行
622283,JSBANK,CC,16,江苏银行
622284,COMM,SCC,16,交通银行
622285,COMM,CC,16,交通银行
622286,HZCB,CC,16,杭州银行
622287,ZJTLCB,CC,16,浙江泰隆商业银行
622288,ZJNX,CC,16,浙江省农村信用社联合社
622289,NBYZ,CC,16,鄞州银行
622290,FJNX,CC,16,福建省农村信用社联合社
622291,LZCCB,DC,18,柳州银行
622292,LZCCB,DC,18,柳州银行
622293,DSB,CC,16,大新银行
622294,DSB,CC,16,大新银行
622295,DSB,CC,16,大新银行
622296,DSB,CC,16,大新银行
622297,DSB,DC,16,大新银行
622298,SPABANK,DC,16,平安银行
622300,SHBANK,CC,16,上海银行
622301,HZCCB,DC,19,湖州市商业银行
622302,GDRCC,DC,16,广东省农村信用社联合社
622302,ICBC,DC,18,中国工商银行
622303,NJCB,CC,16,南京银行
622303,ICBC,DC,18,中国工商银行
622305,NJCB,DC,16,南京银行
622305,ICBC,DC,18,中国工商银行
622307,ICBC,DC,18,中国工商银行
622307,JJBANK,DC,19,九江银行
622308,FDB,DC,17,富滇银行
622308,ICBC,DC,18,中国工商银行
622309,ICBC,DC,18,中国工商银行
622309,CZBANK,DC,19,浙商银行
622310,BOQH,DC,17,青海银行
622312,JSRCU,DC,16,江苏省农村信用联合社
622313,ICBC,DC,18,中国工商银行
622315,BSB,CC,16,包商银行
622316,NBBANK,DC,16,宁波银行
622318,NBBANK,CC,16,宁波银行
622319,SDRCU,DC,16,山东省农村信用社
622320,SDRCU,DC,16,山东省农村信用社
622321,TZCB,CC,16,台州银行
622322,SDEB,DC,16,顺德农商银行
622323,CSRCB,DC,19,常熟农村商业银行
622324,JSRCU,DC,19,江苏省农村信用联合社
622325,HKB,DC,16,汉口银行
622327,HSBANK,DC,17,徽商银行
622328,DRCBCL,DC,19,东莞农村商业银行
622329,TRCB,DC,19,天津农商银行
622331,TCCB,DC,18,天津银行
622332,ZRCBANK,DC,17,张家港农村商业银行
622333,BOD,DC,16,东莞银行
622335,BGB,DC,16,广西北部湾银行
622336,BSB,DC,17,包商银行
622337,JSBANK,DC,16,江苏银行
622338,JZCBANK,DC,19,焦作市商业银行
622339,NBYZ,DC,16,鄞州银行
622340,HSBANK,DC,17,徽商银行
622341,JRCB,DC,16,江苏江阴农村商业银行
622342,PZHCCB,DC,19,攀枝花市商业银行
622343,GDRCC,DC,19,广东省农村信用社联合社
622345,CDRCB,DC,19,成都农商银行
622349,NCB,CC,16,南昌银行
622350,NCB,CC,16,南昌银行
622351,NCB,DC,16,南昌银行
622352,CYBC,CC,16,集友银行
622353,CYBC,CC,16,集友银行
622355,CYBC,DC,16,集友银行
622358,HBRCU,DC,19,河北省农村信用社
622359,LSBC,DC,19,临商银行
622360,HSBC,CC,16,汇丰银行(中国)
622361,HSBC,CC,16,汇丰银行(中国)
622362,GDRCC,DC,19,广东省农村信用社联合社
622363,RBOZ,DC,19,珠海华润银行
622365,HKBEA,DC,17,东亚银行
622366,HSBANK,DC,17,徽商银行
622367,MYBANK,DC,19,绵阳市商业银行
622368,CSCB,DC,19,长沙银行
622369,YNRCC,DC,16,云南省农村信用社
622370,BOQZ,DC,19,泉州银行
622371,CITI,CC,16,花旗银行(中国)
622372,BEAHK,CC,16,东亚银行有限公司
622373,DSB,CC,16,大新银行
622375,DSB,DC,17,大新银行
622376,HSB,CC,16,恒生银行
622377,HSB,CC,16,恒生银行
622378,HSB,CC,16,恒生银行
622379,QLBANK,DC,19,齐鲁银行
622383,DLB,CC,16,大连银行
622384,EGBANK,DC,17,恒丰银行
622385,DLB,CC,16,大连银行
622386,SHBANK,CC,16,上海银行
622387,WLB,CC,16,永隆银行
622388,FJHXBC,DC,16,福建海峡银行
622389,NBYZ,CC,16,鄞州银行
622391,BANKWF,DC,16,潍坊银行
622392,LUZBANK,DC,19,泸州市商业银行
622393,XMBANK,DC,16,厦门银行
622394,JSBANK,DC,16,江苏银行
622395,DTCCB,DC,19,大同银行
622396,HBC,DC,17,湖北银行
622397,YCCB,CC,16,宜昌市商业银行
622398,HLDB,DC,16,葫芦岛市商业银行
622399,LYCB,DC,17,辽阳市商业银行
622400,BOYK,DC,17,营口银行
622406,HSBC,DC,17,汇丰银行(中国)
622407,HSBC,DC,19,汇丰银行(中国)
622409,HSB,DC,19,恒生银行
622410,HSB,DC,17,恒生银行
622411,WHCCB,DC,16,威海市商业银行
622412,HURCB,DC,16,湖北省农村信用社
622413,ASCB,DC,16,鞍山银行
622415,BODD,DC,16,丹东银行
622418,JSBANK,DC,16,江苏银行
622420,BOL,DC,17,洛阳银行
622421,ZZBANK,DC,19,郑州银行
6224217,ZZBANK,DC,19,郑州银行
622422,JSBANK,DC,16,江苏银行
622423,WLB,CC,16,永隆银行
622425,HRBANK,DC,17,哈尔滨银行
622425,HRBANK,DC,19,哈尔滨银行
622426,TCCB,CC,16,天津银行
622427,TZCB,DC,16,台州银行
622428,NXBANK,CC,16,宁夏银行
622429,NXBANK,DC,19,宁夏银行
622432,BNU,DC,19,大西洋银行
622434,LSB,DC,19,临商银行
622435,LSB,DC,19,临商银行
622436,LSB,DC,19,临商银行
622439,GRCB,DC,18,广州农商银行
622440,JLBANK,DC,16,吉林银行
622441,ZYB,DC,16,中原银行
622442,FSCB,DC,17,抚顺银行
622442,FSCB,DC,19,抚顺银行
622443,KSRB,DC,19,昆山农村商业银行
622447,JSBANK,DC,16,江苏银行
622448,NYBANK,DC,16,广东南粤银行
622449,JHBANK,DC,16,金华银行
622450,JHBANK,CC,16,金华银行
622451,DSB,CC,16,大新银行
622452,JSRCU,DC,19,江苏省农村信用联合社
622453,CITIC,CC,16,中信银行
622456,CITIC,CC,16,中信银行
622459,CITIC,DC,17,中信银行
622462,CSRCB,CC,16,常熟农村商业银行
622463,CHB,DC,19,创兴银行有限公司
622465,JSB,DC,17,晋商银行
622466,SJBANK,CC,16,盛京银行
622467,GCB,DC,19,广州银行
622468,SHBANK,DC,18,上海银行
622469,YNRCC,CC,16,云南省农村信用社
622470,GDRCC,DC,19,广东省农村信用社联合社
622471,HKBEA,CC,16,东亚银行
622472,HKBEA,CC,16,东亚银行
622475,DAQINGB,DC,16,龙江银行
622476,URMQCCB,CC,16,乌鲁木齐市商业银行
622477,GDRCC,DC,19,广东省农村信用社联合社
622478,SHRCB,DC,16,上海农村商业银行
622481,JRCB,CC,16,江苏江阴农村商业银行
622482,SCBHK,CC,16,渣打银行(香港)
622483,SCBHK,CC,16,渣打银行(香港)
622484,SCBHK,CC,16,渣打银行(香港)
622486,SXCB,DC,16,绍兴银行
622488,WJRCB,DC,16,吴江农商银行
622489,DSB,DC,17,大新银行
622493,AEON,CC,16,AEON银行
622498,BHB,DC,19,河北银行
62249802,QHDCCB,DC,19,秦皇岛市商业银行
62249804,BOCZ,DC,19,沧州银行
622499,BHB,DC,19,河北银行
622500,SPDB,CC,16,上海浦东发展银行
622506,SXRCCU,DC,19,陕西信合
622508,ZYCBANK,DC,16,遵义市商业银行
622509,GDRCC,DC,19,广东省农村信用社联合社
622510,ICBC,DC,18,中国工商银行
622510,GDRCC,DC,19,广东省农村信用社联合社
622511,HBC,DC,17,湖北银行
622516,SPDB,DC,16,上海浦东发展银行
622517,SPDB,DC,16,上海浦东发展银行
622518,SPDB,DC,16,上海浦东发展银行
622519,SPDB,SCC,16,上海浦东发展银行
622520,SPDB,SCC,16,上海浦东发展银行
622521,SPDB,DC,16,上海浦东发展银行
622522,SPDB,DC,16,上海浦东发展银行
622523,SPDB,DC,16,上海浦东发展银行
622525,SPABANK,CC,16,平安银行
622526,SPABANK,CC,16,平安银行
622531,TRCB,DC,19,天津农商银行
622532,JINCHB,DC,19,晋城银行
622535,SPABANK,DC,16,平安银行
622536,SPABANK,DC,16,平安银行
622537,GYCB,CC,16,贵阳市商业银行
622538,SPABANK,DC,16,平安银行
622539,SPABANK,DC,16,平安银行
622546,TFB,DC,19,大丰银行有限公司
622547,TFB,DC,19,大丰银行有限公司
622548,TFB,DC,19,大丰银行有限公司
622555,GDB,CC,16,广东发展银行
622556,GDB,CC,16,广东发展银行
622557,GDB,CC,16,广东发展银行
622558,GDB,CC,16,广东发展银行
622559,GDB,CC,16,广东发展银行
622560,GDB,CC,16,广东发展银行
622561,DYCB,DC,19,德阳商业银行
622562,DYCB,DC,19,德阳商业银行
622563,DYCB,DC,19,德阳商业银行
622566,HKB,CC,16,汉口银行
622567,HKB,CC,16,汉口银行
622568,GDB,DC,19,广东发展银行
622569,WRCB,CC,16,无锡农村商业银行
622570,CEB,CC,16,中国光大银行
622571,CIB,CC,16,兴业银行
622572,CIB,CC,16,兴业银行
622573,CIB,CC,16,兴业银行
622575,CMB,CC,16,招商银行
622576,CMB,CC,16,招商银行
622577,CMB,CC,16,招商银行
622578,CMB,CC,16,招商银行
622579,CMB,CC,16,招商银行
622580,CMB,DC,16,招商银行
622581,CMB,CC,16,招商银行
622582,CMB,CC,16,招商银行
622583,SCB,CC,16,渣打银行
622584,SCB,CC,16,渣打银行
622588,CMB,DC,16,招商银行
622595,NJCB,CC,16,南京银行
622596,NJCB,CC,16,南京银行
622597,ICBC,CC,16,中国工商银行
622598,CMB,DC,16,招商银行
622599,ICBC,CC,16,中国工商银行
622600,CMBC,CC,16,中国民生银行
622601,CMBC,CC,16,中国民生银行
622602,CMBC,CC,16,中国民生银行
622603,CMBC,CC,16,中国民生银行
622609,CMB,DC,16,招商银行
622611,SHRCB,CC,16,上海农村商业银行
622613,CQBANK,CC,16,重庆银行
622615,CMBC,DC,16,中国民生银行
622616,CMBC,DC,16,中国民生银行
622617,CMBC,DC,16,中国民生银行
622618,CMBC,DC,16,中国民生银行
622619,CMBC,DC,16,中国民生银行
622620,CMBC,DC,16,中国民生银行
622621,CMBC,CC,16,中国民生银行
622622,CMBC,DC,16,中国民生银行
622623,CMBC,CC,16,中国民生银行
622625,HKB,CC,16,汉口银行
622626,HKB,CC,16,汉口银行
622630,HXBANK,DC,16,华夏银行
622631,HXBANK,DC,16,华夏银行
622632,HXBANK,DC,16,华夏银行
622633,HXBANK,DC,16,华夏银行
622636,HXBANK,CC,16,华夏银行
622637,HXBANK,CC,16,华夏银行
622638,HXBANK,CC,16,华夏银行
622644,DAQINGB,DC,19,龙江银行
622648,WJRCB,CC,16,吴江农商银行
622650,CEB,CC,16,中国光大银行
622651,HSBANK,CC,16,徽商银行
622655,CEB,CC,16,中国光大银行
622656,COMM,CC,16,交通银行
622657,CEB,CC,16,中国光大银行
622658,CEB,CC,16,中国光大银行
622659,CEB,CC,16,中国光大银行
622660,CEB,DC,16,中国光大银行
622661,CEB,DC,16,中国光大银行
622662,CEB,DC,16,中国光大银行
622663,CEB,DC,16,中国光大银行
622664,CEB,DC,16,中国光大银行
622665,CEB,DC,16,中国光大银行
622666,CEB,DC,16,中国光大银行
622667,CEB,DC,16,中国光大银行
622668,CEB,DC,16,中国光大银行
622669,CEB,DC,16,中国光大银行
622670,CEB,DC,16,中国光大银行
622671,CEB,DC,16,中国光大银行
622672,CEB,DC,16,中国光大银行
622673,CEB,DC,16,中国光大银行
622674,CEB,DC,16,中国光大银行
622675,CCB,CC,16,中国建设银行
622676,CCB,CC,16,中国建设银行
622677,CCB,CC,16,中国建设银行
622678,CITIC,CC,16,中信银行
622679,CITIC,CC,16,中信银行
622680,CITIC,CC,16,中信银行
622681,JXRCU,DC,19,江西省农村信用
622682,JXRCU,DC,19,江西省农村信用
622683,JXRCU,DC,19,江西省农村信用
622684,BOHAIB,DC,16,渤海银行
622685,CEB,CC,16,中国光大银行
622686,ZJNX,CC,16,浙江省农村信用社联合社
622687,CEB,CC,16,中国光大银行
622688,CITIC,CC,16,中信银行
622689,CITIC,CC,16,中信银行
622690,CITIC,DC,16,中信银行
622691,CITIC,DC,16,中信银行
622692,CITIC,DC,16,中信银行
622693,SPDB,CC,16,上海浦东发展银行
622696,CITIC,DC,16,中信银行
622698,CITIC,DC,16,中信银行
622700,CCB,DC,19,中国建设银行
622707,CCB,DC,16,中国建设银行
622708,CCB,CC,16,中国建设银行
622717,ZJTLCB,SCC,16,浙江泰隆商业银行
622722,SHRCB,CC,16,上海农村商业银行
622740,MTBANK,CC,16,浙江民泰商业银行
62275,BOC,CC,16,中国银行
622760,BOC,CC,16,中国银行
622761,BOC,CC,16,中国银行
622762,BOC,CC,16,中国银行
622763,BOC,CC,16,中国银行
622764,BOC,CC,16,中国银行
622765,BOC,CC,16,中国银行
622766,CITIC,CC,16,中信银行
622767,CITIC,CC,16,中信银行
622768,CITIC,CC,16,中信银行
622775,WHBMA,CC,16,澳门永亨银行
622777,QJCCB,DC,16,曲靖市商业银行
622778,NBBANK,CC,16,宁波银行
622785,WHBMA,CC,16,澳门永亨银行
622802,FJNX,CC,16,福建省农村信用社联合社
622806,ICBC,DC,18,中国工商银行
622808,CDRCB,CC,16,成都农商银行
622809,HRBANK,CC,16,哈尔滨银行
622810,PSBC,CC,16,中国邮政储蓄银行
622811,PSBC,CC,16,中国邮政储蓄银行
622812,PSBC,CC,16,中国邮政储蓄银行
622813,CDCB,CC,16,成都银行
622815,JSRCU,CC,16,江苏省农村信用联合社
622816,JSRCU,CC,16,江苏省农村信用联合社
622817,BOQH,CC,16,青海银行
622818,CDCB,CC,16,成都银行
622820,ABC,SCC,16,中国农业银行
622821,ABC,DC,19,中国农业银行
622822,ABC,DC,19,中国农业银行
622823,ABC,DC,19,中国农业银行
622824,ABC,DC,19,中国农业银行
622825,ABC,DC,19,中国农业银行
622826,ABC,DC,19,中国农业银行
622827,ABC,DC,19,中国农业银行
622828,ABC,DC,19,中国农业银行
622829,TRCB,CC,16,天津农商银行
622830,ABC,SCC,16,中国农业银行
622836,ABC,CC,16,中国农业银行
622837,ABC,CC,16,中国农业银行
622838,ABC,CC,16,中国农业银行
622839,ABC,CC,16,中国农业银行
622841,ABC,DC,19,中国农业银行
622843,ABC,DC,19,中国农业银行
622844,ABC,DC,19,中国农业银行
622845,ABC,DC,19,中国农业银行
622846,ABC,DC,19,中国农业银行
622847,ABC,DC,19,中国农业银行
622848,ABC,DC,19,中国农业银行
622849,ABC,DC,19,中国农业银行
622851,BJBANK,CC,16,北京银行
622852,BJBANK,CC,16,北京银行
622853,BJBANK,CC,16,北京银行
622855,BOSZ,DC,19,苏州银行
622856,GLBANK,DC,17,桂林银行
622857,RZB,DC,19,日照银行
622858,ZJNX,DC,19,浙江省农村信用社联合社
622859,GDRCC,DC,19,广东省农村信用社联合社
622860,DAQINGB,DC,16,龙江银行
622861,WHB,DC,16,永亨银行
622862,WHB,DC,16,永亨银行
622864,LSBANK,DC,16,莱商银行
622865,JLBANK,DC,19,吉林银行
622866,JSBANK,DC,19,江苏银行
622867,CRCBANK,DC,16,重庆农村商业银行
622868,WZCB,CC,16,温州银行
622869,TCRCB,DC,19,江苏太仓农村商业银行
622870,CJCCB,DC,16,苏州长江商业银行
622871,WHB,DC,16,永亨银行
622876,JSBANK,DC,19,江苏银行
622877,HSBANK,DC,19,徽商银行
622878,HZCB,DC,18,杭州银行
622879,HSBANK,DC,19,徽商银行
622880,LZCCB,DC,16,柳州银行
622881,LZCCB,DC,16,柳州银行
622882,SXRCU,DC,19,山西省农村信用社
622883,HKBEA,CC,16,东亚银行
622884,BOHAIB,DC,16,渤海银行
622885,CRCBANK,DC,16,重庆农村商业银行
622886,YTBANK,DC,16,烟台银行
622891,CZRCB,DC,19,常州农村信用联社
622892,SHBANK,DC,18,上海银行
622893,GZRCU,DC,19,贵州省农村信用社
622895,WRCB,DC,16,无锡农村商业银行
622897,CGNB,DC,19,南充市商业银行
622898,CSCB,CC,16,长沙银行
622899,WZCB,CC,16,温州银行
622900,CSCB,CC,16,长沙银行
622901,CIB,CC,16,兴业银行
622902,CIB,CC,16,兴业银行
622906,SLH,CC,16,湖南农村信用社联合社
622908,CIB,DC,18,兴业银行
622909,CIB,DC,18,兴业银行
622910,ICBC,CC,16,中国工商银行
622916,CITIC,CC,16,中信银行
622918,CITIC,CC,16,中信银行
622919,CITIC,CC,16,中信银行
622921,BHB,CC,16,河北银行
622922,CIB,CC,16,兴业银行
622932,WHB,DC,16,永亨银行
622933,HKBEA,DC,19,东亚银行
622935,JLRCU,DC,19,吉林农信
622936,BOCD,DC,19,承德银行
622937,DZBANK,DC,19,德州银行
622938,HKBEA,DC,19,东亚银行
622939,ZYCBANK,DC,17,遵义市商业银行
622940,SZSBK,DC,19,石嘴山银行
622941,AEON,DC,16,AEON银行
622942,SCB,DC,16,渣打银行
622943,HKBEA,DC,19,东亚银行
622944,ICBC,DC,16,中国工商银行
622945,CCQTGB,DC,16,重庆三峡银行
622946,HSBC,DC,16,汇丰银行(中国)
622947,NXRCU,DC,19,宁夏黄河农村商业银行
622948,SCB,DC,16,渣打银行
622950,HSB,DC,16,恒生银行
622951,HSB,DC,16,恒生银行
622952,SHBANK,DC,16,上海银行
622953,ARCU,DC,19,安徽省农村信用社
622955,SJBANK,DC,16,盛京银行
622957,WHB,DC,16,永亨银行
622958,WHB,DC,16,永亨银行
622959,HBC,DC,19,湖北银行
622960,HDBANK,DC,18,邯郸银行
622961,ZYCBANK,DC,16,遵义市商业银行
622962,CZCCB,DC,17,长治市商业银行
622963,WHB,DC,16,永亨银行
622966,CCB,DC,16,中国建设银行
622967,GZB,DC,19,赣州银行
622968,SXRCU,DC,19,山西省农村信用社
622970,WLB,DC,17,永隆银行
622971,WLB,DC,17,永隆银行
622972,TACCB,DC,19,泰安市商业银行
622973,WHBANK,DC,19,乌海银行
622974,AEON,DC,16,AEON银行
6229756114,QDRCB,DC,19,青岛农村商业银行
6229756115,BJRCB,DC,19,北京农村商业银行
622976,NMGNXS,DC,19,内蒙古农村信用社
622977,DAQINGB,DC,19,龙江银行
622978,ORBANK,DC,19,鄂尔多斯银行
622979,ZYB,DC,19,中原银行
622980,YXCCB,DC,19,玉溪市商业银行
622982,ZJKCCB,DC,19,张家口市商业银行
622983,SPABANK,DC,16,平安银行
622985,SHBANK,DC,18,上海银行
622986,SPABANK,DC,16,平安银行
622987,SHBANK,DC,18,上海银行
622988,CCB,DC,16,中国建设银行
622989,SPABANK,DC,16,平安银行
622990,BOJZ,DC,17,锦州银行
622991,HNRCU,DC,18,河南省农村信用
622992,GXRCU,DC,19,广西省农村信用
622993,DLB,DC,19,大连银行
622994,SCB,DC,16,渣打银行
622995,WJRCB,DC,16,吴江农商银行
622996,CDCB,DC,19,成都银行
622997,CDCB,DC,19,成都银行
622998,CITIC,DC,16,中信银行
622999,CITIC,DC,16,中信银行
623000,BHB,DC,19,河北银行
623001,BGB,DC,16,广西北部湾银行
623002,ICBC,DC,18,中国工商银行
623003,QHDBANK,DC,19,秦皇岛银行
623007,LSBC,DC,19,临商银行
623010,BOD,DC,19,东莞银行
623013,HNRCU,DC,18,河南省农村信用
623016,CQBANK,DC,16,重庆银行
623017,QHRC,DC,16,青海农村信用社
623018,ABC,DC,19,中国农业银行
623019,XMBANK,DC,19,厦门银行
623020,HXBANK,DC,16,华夏银行
623021,HXBANK,DC,16,华夏银行
623022,HXBANK,DC,16,华夏银行
623023,HXBANK,DC,16,华夏银行
623025,HBRCU,DC,19,河北省农村信用社
623026,SXCB,DC,16,绍兴银行
623027,SXRCCU,DC,19,陕西信合
623029,HKB,DC,16,汉口银行
623033,WHRCB,DC,19,武汉农村商业银行
623035,SRCB,DC,16,深圳农村商业银行
623036,FJNX,DC,19,福建省农村信用社联合社
623038,DRCBCL,DC,19,东莞农村商业银行
623039,TZCB,DC,19,台州银行
623051,SXRCU,DC,19,山西省农村信用社
623052,ABC,DC,19,中国农业银行
623058,SPABANK,DC,19,平安银行
623059,HNRCU,DC,18,河南省农村信用
623060,BOCD,DC,19,承德银行
623061,HZCB,DC,18,杭州银行
623062,ICBC,DC,19,中国工商银行
623065,GSRCU,DC,19,甘肃省农村信用
623066,JSRCU,DC,19,江苏省农村信用联合社
623067,JHBANK,DC,16,金华银行
623068,HSBK,DC,19,衡水银行
623069,DLB,DC,19,大连银行
623070,DLB,DC,19,大连银行
623071,CSRCB,DC,19,常熟农村商业银行
623072,CGNB,DC,19,南充市商业银行
623076,HBC,DC,19,湖北银行
623077,RZB,DC,19,日照银行
623078,EGBANK,DC,19,恒丰银行
623081,SJBANK,DC,16,盛京银行
623088,CDRCB,DC,19,成都农商银行
623089,NXBANK,DC,19,宁夏银行
623090,HNRCC,DC,19,湖南省农村信用社
623091,ZJNX,DC,19,浙江省农村信用社联合社
623093,ORBANK,DC,19,鄂尔多斯银行
623094,CCB,DC,19,中国建设银行
623095,NXRCU,DC,19,宁夏黄河农村商业银行
623096,CQBANK,DC,19,重庆银行
623100,ICBC,DC,18,中国工商银行
623101,DZBANK,DC,19,德州银行
623102,WHCCB,DC,19,威海市商业银行
623103,TRCB,DC,19,天津农商银行
623105,HKB,DC,16,汉口银行
623106,HSB,DC,17,恒生银行
623107,HSB,DC,19,恒生银行
623108,SJBANK,DC,16,盛京银行
623109,TJBHB,DC,19,天津滨海农村商业银行
623110,WJRCB,DC,16,吴江农商银行
623111,BJBANK,DC,16,北京银行
623112,WZCB,DC,19,温州银行
623113,GHB,DC,19,广东华兴银行
623115,JRCB,DC,16,江苏江阴农村商业银行
623116,JNBANK,DC,19,济宁银行
623123,ZRCBANK,DC,17,张家港农村商业银行
623125,WRCB,DC,16,无锡农村商业银行
623126,CMB,DC,16,招商银行
623131,JLBANK,DC,19,吉林银行
623132,KSRB,DC,19,昆山农村商业银行
623133,GXRCU,DC,19,广西省农村信用
623135,YXCCB,DC,19,玉溪市商业银行
623136,CMB,DC,16,招商银行
623146,JJBANK,DC,19,九江银行
623150,CJCCB,DC,16,苏州长江商业银行
623151,LYCB,DC,19,辽阳市商业银行
623152,BOP,DC,19,平顶山银行
623153,WHBANK,DC,19,乌海银行
623156,CEB,DC,16,中国光大银行
623162,SHRCB,DC,19,上海农村商业银行
623163,ICBC,DC,19,中国工商银行
623170,QDCCB,DC,19,青岛银行
623177,BOYK,DC,19,营口银行
623178,SNCCB,DC,19,遂宁市商业银行
623179,JSB,DC,19,晋商银行
623181,JLRCU,DC,19,吉林农信
623182,GSBANK,DC,19,甘肃银行
623183,SHBANK,DC,18,上海银行
623184,BOC,DC,19,中国银行
623185,SHBANK,DC,18,上海银行
623188,ASCB,DC,16,鞍山银行
623189,CZRCB,DC,19,常州农村信用联社
623190,YNRCC,DC,19,云南省农村信用社
623197,JINCHB,DC,19,晋城银行
623205,JZCBANK,DC,19,焦作市商业银行
623206,ABC,DC,19,中国农业银行
623207,WHRCB,DC,19,武汉农村商业银行
623208,BOC,DC,19,中国银行
623211,CCB,DC,19,中国建设银行
623218,PSBC,DC,19,中国邮政储蓄银行
623220,ARCU,DC,19,安徽省农村信用社
623221,GLBANK,DC,17,桂林银行
623501,HBRCU,DC,19,河北省农村信用社
623513,HANABANK,DC,16,韩亚银行
623521,BOSZ,DC,19,苏州银行
623531,ZZBANK,DC,19,郑州银行
623535,ZJTLCB,DC,16,浙江泰隆商业银行
623568,BOJZ,DC,19,锦州银行
623569,BOC,DC,19,中国银行
623570,YDNSCZYH,DC,19,尧都农商村镇银行
623571,BOC,DC,19,中国银行
623572,BOC,DC,19,中国银行
623573,BOC,DC,19,中国银行
623575,BOC,DC,19,中国银行
623586,BOC,DC,19,中国银行
623627,GHB,DC,19,广东华兴银行
623644,CCB,DC,19,中国建设银行
623660,ZYB,DC,16,中原银行
623668,CCB,DC,19,中国建设银行
623669,CCB,DC,19,中国建设银行
623683,CMBC,DC,16,中国民生银行
623698,PSBC,DC,19,中国邮政储蓄银行
623699,PSBC,DC,19,中国邮政储蓄银行
625001,TZCB,SCC,16,台州银行
625008,CHB,CC,16,创兴银行有限公司
625009,CHB,CC,16,创兴银行有限公司
625014,BCDMMA,CC,16,澳门商业银行
625016,BCDMMA,CC,16,澳门商业银行
625024,HSB,CC,16,恒生银行
625025,HANABANK,CC,16,韩亚银行
625026,HSB,CC,16,恒生银行
625028,COMMHK,CC,16,交通银行香港分行
625034,HSBC,CC,16,汇丰银行(中国)
625040,BOC,CC,16,中国银行
625044,NCB,CC,16,南昌银行
625046,NCB,CC,16,南昌银行
625048,CYBC,CC,16,集友银行
625050,GCB,CC,16,广州银行
625053,CYBC,CC,16,集友银行
625055,BOC,CC,16,中国银行
625058,NCB,CC,16,南昌银行
625060,CYBC,CC,16,集友银行
625062,WLBHK,CC,16,永隆银行
625063,WLBHK,CC,16,永隆银行
625071,GDB,CC,16,广东发展银行
625072,GDB,CC,16,广东发展银行
625073,GDB,CC,16,广东发展银行
625080,GRCB,CC,16,广州农商银行
625082,CIB,CC,16,兴业银行
625083,CIB,CC,16,兴业银行
625084,CIB,CC,16,兴业银行
625085,CIB,CC,16,兴业银行
625086,CIB,CC,16,兴业银行
625087,CIB,CC,16,兴业银行
625088,SDEB,CC,16,顺德农商银行
625090,DAQINGB,CC,16,龙江银行
625099,SHBANK,CC,16,上海银行
625141,BOC,CC,16,中国银行
625143,BOC,CC,16,中国银行
625158,YDRCB,CC,16,尧都农商行
625196,TFB,CC,16,大丰银行有限公司
625198,TFB,CC,16,大丰银行有限公司
625247,ICBC,CC,16,中国工商银行
625249,ICBC,CC,16,中国工商银行
625288,DRCBCL,CC,16,东莞农村商业银行
625336,ABC,CC,16,中国农业银行
625337,BOC,CC,16,中国银行
625339,CEB,CC,16,中国光大银行
625362,CCB,CC,16,中国建设银行
625363,CCB,CC,16,中国建设银行
625500,SHRCB,CC,16,上海农村商业银行
625516,CDRCB,SCC,16,成都农商银行
625519,HNRCC,DC,16,湖南省农村信用社
625529,NXBANK,CC,16,宁夏银行
625577,HRBANK,CC,16,哈尔滨银行
625588,DAQINGB,CC,16,龙江银行
625808,GDB,CC,16,广东发展银行
625809,GDB,CC,16,广东发展银行
625810,GDB,CC,16,广东发展银行
625811,SJBANK,CC,16,盛京银行
625826,ABC,CC,16,中国农业银行
625827,ABC,CC,16,中国农业银行
625858,ICBC,CC,16,中国工商银行
625859,ICBC,CC,16,中国工商银行
625901,CSCB,CC,16,长沙银行
625902,JSBANK,CC,16,江苏银行
625905,BOC,CC,16,中国银行
625906,BOC,CC,16,中国银行
625907,BOC,CC,16,中国银行
625908,BOC,CC,16,中国银行
625909,BOC,CC,16,中国银行
625910,BOC,CC,16,中国银行
625911,CMBC,CC,16,中国民生银行
625912,CMBC,CC,16,中国民生银行
625913,CMBC,CC,16,中国民生银行
625915,ICBC,CC,16,中国工商银行
625916,ICBC,CC,16,中国工商银行
625917,ICBC,CC,16,中国工商银行
625919,PSBC,CC,16,中国邮政储蓄银行
625950,BSB,CC,16,包商银行
625955,CCB,DC,16,中国建设银行
625956,CCB,DC,16,中国建设银行
625957,SPDB,CC,16,上海浦东发展银行
625958,SPDB,CC,16,上海浦东发展银行
625959,BOQH,CC,16,青海银行
625960,CIB,CC,16,兴业银行
625961,CIB,CC,16,兴业银行
625962,CIB,CC,16,兴业银行
625963,CIB,CC,16,兴业银行
625964,CCB,CC,16,中国建设银行
625965,CCB,CC,16,中国建设银行
625966,CCB,CC,16,中国建设银行
625967,HXBANK,CC,16,华夏银行
625968,HXBANK,CC,16,华夏银行
625969,HXBANK,CC,16,华夏银行
625970,SPDB,CC,16,上海浦东发展银行
625971,SPDB,CC,16,上海浦东发展银行
625975,CEB,CC,16,中国光大银行
625976,CEB,CC,16,中国光大银行
625977,CEB,CC,16,中国光大银行
625978,CEB,CC,16,中国光大银行
625979,CEB,CC,16,中国光大银行
625980,CEB,CC,16,中国光大银行
625981,CEB,CC,16,中国光大银行
625993,SPDB,CC,16,上海浦东发展银行
625996,ABC,CC,16,中国农业银行
625997,ABC,CC,16,中国农业银行
625998,ABC,CC,16,中国农业银行
627066,SPABANK,CC,16,平安银行
627067,SPABANK,CC,16,平安银行
627068,SPABANK,CC,16,平安银行
627069,SPABANK,CC,16,平安银行
628200,HKB,CC,16,汉口银行
628201,CEB,CC,16,中国光大银行
628202,CEB,CC,16,中国光大银行
628203,BJBANK,CC,16,北京银行
628204,JHBANK,CC,16,金华银行
628205,TCCB,CC,16,天津银行
628206,CITIC,CC,16,中信银行
628207,NBBANK,CC,16,宁波银行
628208,CITIC,CC,16,中信银行
628209,CITIC,CC,16,中信银行
628210,JSBANK,CC,16,江苏银行
628211,SHRCB,CC,16,上海农村商业银行
628212,CIB,CC,16,兴业银行
628213,GYCB,CC,16,贵阳市商业银行
628214,NXBANK,CC,16,宁夏银行
628217,DYCCB,CC,16,东营市商业银行
628219,GLBANK,CC,16,桂林银行
628220,CQBANK,CC,16,重庆银行
628221,SPDB,CC,16,上海浦东发展银行
628222,SPDB,CC,16,上海浦东发展银行
628223,SRBANK,CC,16,上饶银行
628224,HRBANK,CC,16,哈尔滨银行
628226,JSRCU,CC,16,江苏省农村信用联合社
628227,BGB,CC,16,广西北部湾银行
628228,CDCB,CC,16,成都银行
628229,CDB,CC,16,国家开发银行
628230,SHBANK,CC,16,上海银行
628231,FDB,CC,16,富滇银行
628232,FJNX,CC,16,福建省农村信用社联合社
628233,GZB,CC,16,赣州银行
628234,WHCCB,CC,16,威海市商业银行
628236,HZCB,CC,16,杭州银行
628238,JJBANK,CC,16,九江银行
628239,QDCCB,CC,16,青岛银行
628242,NJCB,CC,16,南京银行
628248,WJRCB,CC,16,吴江农商银行
628250,CZCB,CC,16,浙江稠州商业银行
628251,HSBANK,CC,16,徽商银行
628252,H3CB,CC,16,内蒙古银行
628253,ORBANK,CC,16,鄂尔多斯银行
628255,WZCB,CC,16,温州银行
628257,RZB,CC,16,日照银行
628258,CMBC,CC,16,中国民生银行
628259,GDB,CC,16,广东发展银行
628260,GDB,CC,16,广东发展银行
628261,BOJZ,CC,16,锦州银行
628263,LZYH,CC,16,兰州银行
628267,CRCBANK,CC,16,重庆农村商业银行
628268,ABC,CC,16,中国农业银行
628269,ABC,CC,16,中国农业银行
628271,ZYB,CC,16,中原银行
628272,CSRCB,CC,16,常熟农村商业银行
628279,LSBANK,CC,16,莱商银行
628280,ZJNX,CC,16,浙江省农村信用社联合社
628281,CSCB,CC,16,长沙银行
628282,CSCB,CC,16,长沙银行
628283,CSCB,CC,16,长沙银行
628285,SJBANK,CC,16,盛京银行
628286,ICBC,CC,16,中国工商银行
628287,BOQH,CC,16,青海银行
628288,ICBC,CC,16,中国工商银行
628299,DLB,CC,16,大连银行
628300,NBYZ,CC,16,鄞州银行
628301,TRCB,CC,16,天津农商银行
628305,NCB,CC,16,南昌银行
628306,HZCCB,CC,16,湖州市商业银行
628307,YNRCC,CC,16,云南省农村信用社
628308,CDRCB,CC,16,成都农商银行
628310,PSBC,CC,16,中国邮政储蓄银行
628311,ZBCB,CC,16,齐商银行
628312,BOC,CC,16,中国银行
628317,CCB,CC,16,中国建设银行
628318,HXBANK,CC,16,华夏银行
628321,BHB,CC,16,河北银行
628322,SDEB,CC,16,顺德农商银行
628333,DAQINGB,CC,16,龙江银行
628359,LSBC,CC,16,临商银行
628366,CCB,CC,16,中国建设银行
628367,GCB,CC,16,广州银行
628368,DAQINGB,CC,16,龙江银行
628369,WRCB,CC,16,无锡农村商业银行
628370,CITIC,CC,16,中信银行
628371,CITIC,CC,16,中信银行
628372,CITIC,CC,16,中信银行
628379,QLBANK,CC,16,齐鲁银行
628381,JRCB,CC,16,江苏江阴农村商业银行
628382,YDRCB,CC,16,尧都农商行
628386,SLH,CC,16,湖南农村信用社联合社
628391,BANKWF,CC,16,潍坊银行
628397,DZBANK,CC,16,德州银行
683970,BOQZ,DC,18,泉州银行
6886592,XMCCB,DC,18,厦门市商业银行
690755,CMB,DC,15,招商银行
690755,CMB,DC,18,招商银行
694301,CSCB,DC,18,长沙银行
69580,JSBANK,DC,18,江苏银行
84301,SPDB,DC,16,上海浦东发展银行
84336,SPDB,DC,16,上海浦东发展银行
84342,SPDB,DC,16,上海浦东发展银行
84361,SPDB,DC,16,上海浦东发展银行
84373,SPDB,DC,16,上海浦东发展银行
84380,SPDB,DC,16,上海浦东发展银行
84385,SPDB,DC,16,上海浦东发展银行
84390,SPDB,DC,16,上海浦东发展银行
87000,SPDB,DC,16,上海浦东发展银行
87010,SPDB,DC,16,上海浦东发展银行
87030,SPDB,DC,16,上海浦东发展银行
87040,SPDB,DC,16,上海浦东发展银行
87050,SPDB,DC,16,上海浦东发展银行
900000,ICBC,DC,19,中国工商银行
900003,CMBC,DC,16,中国民生银行
900010,ICBC,DC,19,中国工商银行
900105,SDRCU,DC,16,山东省农村信用社
900205,SDRCU,DC,16,山东省农村信用社
90030,CEB,DC,16,中国光大银行
90592,CIB,DC,16,兴业银行
909810,GZRCU,DC,18,贵州省农村信用社
9111,GDB,DC,19,广东发展银行
920000,CEP,DC,16,中银通商务支付有限公司
921000,CEP,PC,19,中银通商务支付有限公司
940001,URMQCCB,DC,19,乌鲁木齐市商业银行
940002,ASCB,DC,16,鞍山银行
940003,BOJZ,DC,17,锦州银行
940006,NCB,DC,17,南昌银行
940008,QLBANK,DC,19,齐鲁银行
940012,JLBANK,DC,16,吉林银行
940013,SHRCB,DC,16,上海农村商业银行
940015,TCCB,DC,18,天津银行
940016,GCB,DC,19,广州银行
940017,NTCCB,DC,18,南通商业银行
940018,CQBANK,DC,16,重庆银行
940020,CRCBANK,DC,16,重庆农村商业银行
940021,SHBANK,DC,18,上海银行
940022,NBBANK,DC,16,宁波银行
940023,XMBANK,DC,16,厦门银行
940025,ZJCCB,DC,16,镇江市商业银行
940027,CDCB,DC,19,成都银行
940029,KSRCB,DC,19,昆山农信社
940030,CSRCB,DC,19,常熟农村商业银行
9400301,CSRCB,DC,19,常熟农村商业银行
940031,JSB,DC,17,晋商银行
940032,HBC,DC,16,湖北银行
940034,EGBANK,DC,17,恒丰银行
940035,GZRCU,DC,18,贵州省农村信用社
940037,NHB,DC,18,南海农村信用联社
940038,SDEB,DC,16,顺德农商银行
940039,SJBANK,DC,16,盛京银行
940040,LZYH,DC,16,兰州银行
940041,BOL,DC,17,洛阳银行
940042,KMRCU,DC,18,昆明农村信用联合社
940043,LYCB,DC,17,辽阳市商业银行
940044,WHRCB,DC,17,武汉农村商业银行
940046,BHB,DC,19,河北银行
94004602,QHDCCB,DC,19,秦皇岛市商业银行
94004604,BOCZ,DC,19,沧州银行
940047,JLBANK,DC,16,吉林银行
940048,ZHCCB,DC,19,珠海华润银行股份有限公司
940049,HRBANK,DC,18,哈尔滨银行
940050,BOD,DC,16,东莞银行
940051,JHBANK,DC,16,金华银行
940053,FSCCB,DC,18,抚顺银行股份有限公司
940054,HLDCCB,DC,16,葫芦岛市商业银行
940055,HBC,DC,17,湖北银行
940056,ZZCCB,DC,17,郑州商业银行
940057,ZBCB,DC,17,齐商银行
940058,JRCB,DC,16,江苏江阴农村商业银行
940060,BODD,DC,16,丹东银行
940061,QDCCB,DC,16,青岛银行
940062,DRCBCL,DC,19,东莞农村商业银行
940063,ZRCBANK,DC,17,张家港农村商业银行
940065,RZCCB,DC,19,日照银行
940066,LSB,DC,19,临商银行
940068,BOQH,DC,17,青海银行
940069,TZCB,DC,17,台州银行
940070,YCCCB,DC,16,盐城商行
940071,CSCB,DC,19,长沙银行
940072,BANKWF,DC,16,潍坊银行
940073,GZB,DC,19,赣州银行
940074,BOQZ,DC,18,泉州银行
940076,JSBANK,DC,16,江苏银行
955100,PSBC,DC,19,中国邮政储蓄银行
95555,CMB,DC,16,招商银行
955590,COMM,CC,16,交通银行
955591,COMM,CC,16,交通银行
955592,COMM,CC,16,交通银行
955593,COMM,CC,16,交通银行
9558,ICBC,DC,19,中国工商银行
95588,ICBC,DC,19,中国工商银行
95595,ABC,DC,19,中国农业银行
95596,ABC,DC,19,中国农业银行
95597,ABC,DC,19,中国农业银行
95598,ABC,DC,19,中国农业银行
95599,ABC,DC,19,中国农业银行
966666,CIB,DC,18,兴业银行
96828,ZZCCB,DC,16,郑州商业银行
968807,CITIC,DC,16,中信银行
968808,CITIC,DC,16,中信银行
968809,CITIC,DC,16,中信银行
984301,SPDB,DC,16,上海浦东发展银行
984303,SPDB,DC,16,上海浦东发展银行
985262,SDEB,DC,16,顺德农商银行
9896,CQBANK,DC,16,重庆银行
990871,FDB,DC,18,富滇银行
998800,SPABANK,DC,16,平安银行
998801,SPABANK,CC,16,平安银行
998802,SPABANK,CC,16,平安银行
999999,HXBANK,DC,16,华夏银行
